{
  "metadata": {
    "version": "1.0",
    "createdDate": "2025-08-12T07:44:05.8836298-05:00",
    "createdBy": "Santiago",
    "databaseName": "mym_softcom",
    "description": "BackupDiario",
    "backupType": "Full",
    "tableCounts": {
      "Clients": 1,
      "Projects": 3,
      "Lots": 1,
      "Plans": 1,
      "Sales": 1,
      "Payments": 2,
      "Details": 16
    }
  },
  "data": {
    "clients": [
      {
        "id_Clients": 1,
        "names": "Santiago",
        "surnames": "Puentes",
        "document": 1006126738,
        "phone": 3112604880,
        "email": "puentessantiago2003@gmail.com",
        "status": "Activo"
      }
    ],
    "projects": [
      {
        "id_Projects": 1,
        "name": "Luxury Malibu"
      },
      {
        "id_Projects": 2,
        "name": "Reservas del Poblado"
      },
      {
        "id_Projects": 3,
        "name": "Malibu"
      }
    ],
    "lots": [
      {
        "id_Lots": 1,
        "block": "A",
        "lot_number": 22,
        "status": "Vendido",
        "id_Projects": 1,
        "project": null
      }
    ],
    "plans": [
      {
        "id_Plans": 1,
        "name": "Plan 1",
        "number_quotas": 36
      }
    ],
    "sales": [
      {
        "id_Sales": 1,
        "sale_date": "2025-08-11T00:00:00",
        "total_value": 45000000.00,
        "initial_payment": 2000000.00,
        "total_raised": 20000000.00,
        "quota_value": 1194444,
        "total_debt": 25000000.00,
        "status": "Active",
        "id_Clients": 1,
        "client": null,
        "id_Lots": 1,
        "lot": null,
        "id_Users": 1,
        "user": null,
        "id_Plans": 1,
        "plan": null
      }
    ],
    "payments": [
      {
        "id_Payments": 1,
        "payment_date": "2025-08-11T00:00:00",
        "amount": 2000000.00,
        "payment_method": "Cuota Inicial",
        "id_Sales": 1,
        "sale": null
      },
      {
        "id_Payments": 2,
        "payment_date": "2025-08-12T00:00:00",
        "amount": 18000000.00,
        "payment_method": "BANCO",
        "id_Sales": 1,
        "sale": null
      }
    ],
    "details": [
      {
        "id_Details": 1,
        "number_quota": 1,
        "covered_amount": 1194444.00,
        "id_Payments": 2,
        "payment": null,
        "id_Sales": 1,
        "sale": null
      },
      {
        "id_Details": 2,
        "number_quota": 2,
        "covered_amount": 1194444.00,
        "id_Payments": 2,
        "payment": null,
        "id_Sales": 1,
        "sale": null
      },
      {
        "id_Details": 3,
        "number_quota": 3,
        "covered_amount": 1194444.00,
        "id_Payments": 2,
        "payment": null,
        "id_Sales": 1,
        "sale": null
      },
      {
        "id_Details": 4,
        "number_quota": 4,
        "covered_amount": 1194444.00,
        "id_Payments": 2,
        "payment": null,
        "id_Sales": 1,
        "sale": null
      },
      {
        "id_Details": 5,
        "number_quota": 5,
        "covered_amount": 1194444.00,
        "id_Payments": 2,
        "payment": null,
        "id_Sales": 1,
        "sale": null
      },
      {
        "id_Details": 6,
        "number_quota": 6,
        "covered_amount": 1194444.00,
        "id_Payments": 2,
        "payment": null,
        "id_Sales": 1,
        "sale": null
      },
      {
        "id_Details": 7,
        "number_quota": 7,
        "covered_amount": 1194444.00,
        "id_Payments": 2,
        "payment": null,
        "id_Sales": 1,
        "sale": null
      },
      {
        "id_Details": 8,
        "number_quota": 8,
        "covered_amount": 1194444.00,
        "id_Payments": 2,
        "payment": null,
        "id_Sales": 1,
        "sale": null
      },
      {
        "id_Details": 9,
        "number_quota": 9,
        "covered_amount": 1194444.00,
        "id_Payments": 2,
        "payment": null,
        "id_Sales": 1,
        "sale": null
      },
      {
        "id_Details": 10,
        "number_quota": 10,
        "covered_amount": 1194444.00,
        "id_Payments": 2,
        "payment": null,
        "id_Sales": 1,
        "sale": null
      },
      {
        "id_Details": 11,
        "number_quota": 11,
        "covered_amount": 1194444.00,
        "id_Payments": 2,
        "payment": null,
        "id_Sales": 1,
        "sale": null
      },
      {
        "id_Details": 12,
        "number_quota": 12,
        "covered_amount": 1194444.00,
        "id_Payments": 2,
        "payment": null,
        "id_Sales": 1,
        "sale": null
      },
      {
        "id_Details": 13,
        "number_quota": 13,
        "covered_amount": 1194444.00,
        "id_Payments": 2,
        "payment": null,
        "id_Sales": 1,
        "sale": null
      },
      {
        "id_Details": 14,
        "number_quota": 14,
        "covered_amount": 1194444.00,
        "id_Payments": 2,
        "payment": null,
        "id_Sales": 1,
        "sale": null
      },
      {
        "id_Details": 15,
        "number_quota": 15,
        "covered_amount": 1194444.00,
        "id_Payments": 2,
        "payment": null,
        "id_Sales": 1,
        "sale": null
      },
      {
        "id_Details": 16,
        "number_quota": 16,
        "covered_amount": 83340.00,
        "id_Payments": 2,
        "payment": null,
        "id_Sales": 1,
        "sale": null
      }
    ]
  }
}