{
  "metadata": {
    "version": "1.0",
    "createdDate": "2025-08-11T15:29:05.7944252-05:00",
    "createdBy": "Santiago",
    "databaseName": "mym_softcom",
    "description": "BackupSemanal",
    "backupType": "Full",
    "tableCounts": {
      "Clients": 3,
      "Projects": 3,
      "Lots": 5,
      "Plans": 1,
      "Sales": 3,
      "Payments": 5,
      "Details": 0
    }
  },
  "data": {
    "clients": [
      {
        "id_Clients": 2,
        "names": "juan",
        "surnames": "paez",
        "document": 1002345565,
        "phone": 3112409090,
        "email": "example1@gmail.com",
        "status": "Activo"
      },
      {
        "id_Clients": 3,
        "names": "Santiago",
        "surnames": "Puentes",
        "document": 1006126738,
        "phone": 3112604880,
        "email": "puentessantiago2003@gmail.com",
        "status": "Activo"
      },
      {
        "id_Clients": 4,
        "names": "Carito",
        "surnames": "Barreto",
        "document": 55555,
        "phone": 3204522525,
        "email": "example11@gmail.com",
        "status": "Activo"
      }
    ],
    "projects": [
      {
        "id_Projects": 2,
        "name": "Luxury Malibu"
      },
      {
        "id_Projects": 3,
        "name": "Reservas del Poblado"
      },
      {
        "id_Projects": 6,
        "name": "Malibu"
      }
    ],
    "lots": [
      {
        "id_Lots": 3,
        "block": "K",
        "lot_number": 15,
        "status": "Vendido",
        "id_Projects": 3,
        "project": null
      },
      {
        "id_Lots": 4,
        "block": "B",
        "lot_number": 5,
        "status": "Libre",
        "id_Projects": 3,
        "project": null
      },
      {
        "id_Lots": 5,
        "block": "A",
        "lot_number": 28,
        "status": "Libre",
        "id_Projects": 2,
        "project": null
      },
      {
        "id_Lots": 6,
        "block": "B",
        "lot_number": 22,
        "status": "Vendido",
        "id_Projects": 2,
        "project": null
      },
      {
        "id_Lots": 7,
        "block": "A",
        "lot_number": 22,
        "status": "Vendido",
        "id_Projects": 6,
        "project": null
      }
    ],
    "plans": [
      {
        "id_Plans": 1,
        "name": "Plan 1",
        "number_quotas": 36
      }
    ],
    "sales": [
      {
        "id_Sales": 6,
        "sale_date": "2025-07-23T00:00:00",
        "total_value": 39900000.00,
        "initial_payment": 1000000.00,
        "total_raised": 18819000.00,
        "quota_value": 1080556,
        "total_debt": 21081000.00,
        "status": "Active",
        "id_Clients": 2,
        "client": null,
        "id_Lots": 3,
        "lot": null,
        "id_Users": 1,
        "user": null,
        "id_Plans": 1,
        "plan": null
      },
      {
        "id_Sales": 17,
        "sale_date": "2025-08-04T00:00:00",
        "total_value": 25000000.00,
        "initial_payment": 1500000.00,
        "total_raised": 2500000.00,
        "quota_value": 652778,
        "total_debt": 22500000.00,
        "status": "Active",
        "id_Clients": 3,
        "client": null,
        "id_Lots": 6,
        "lot": null,
        "id_Users": 1,
        "user": null,
        "id_Plans": 1,
        "plan": null
      },
      {
        "id_Sales": 22,
        "sale_date": "2025-06-05T00:00:00",
        "total_value": 40000000.00,
        "initial_payment": 2000000.00,
        "total_raised": 2000000.00,
        "quota_value": 1055556,
        "total_debt": 38000000.00,
        "status": "Active",
        "id_Clients": 3,
        "client": null,
        "id_Lots": 7,
        "lot": null,
        "id_Users": 1,
        "user": null,
        "id_Plans": 1,
        "plan": null
      }
    ],
    "payments": [
      {
        "id_Payments": 4,
        "payment_date": "2025-07-23T00:00:00",
        "amount": 1093500.00,
        "payment_method": "Efectivo",
        "id_Sales": 6,
        "sale": null
      },
      {
        "id_Payments": 7,
        "payment_date": "2025-07-24T00:00:00",
        "amount": 1200000.00,
        "payment_method": "banco",
        "id_Sales": 6,
        "sale": null
      },
      {
        "id_Payments": 9,
        "payment_date": "2025-07-24T00:00:00",
        "amount": 15525500.00,
        "payment_method": "banco",
        "id_Sales": 6,
        "sale": null
      },
      {
        "id_Payments": 31,
        "payment_date": "2025-07-22T00:00:00",
        "amount": 2500000.00,
        "payment_method": "EFECTIVO",
        "id_Sales": 17,
        "sale": null
      },
      {
        "id_Payments": 44,
        "payment_date": "2025-06-05T00:00:00",
        "amount": 2000000.00,
        "payment_method": "Cuota Inicial",
        "id_Sales": 22,
        "sale": null
      }
    ],
    "details": []
  }
}